{
"lengthUnit": "mil",
"components": {
	"fields": ["COMPONENT_NO", "COMPONENT_NAME", "LAYER", "X_COORDINATE", "Y_COORDINATE", "ANGLE"],
	"rows": [
		[1, "C1", "T", 516.75, -2333.76, 270],
		[2, "C2", "T", 371.09, -2333.76, 270],
		[3, "C3", "T", 453.81, -2722.87, 90],
		[4, "C4", "T", 810.42, -2333.76, 270],
		[5, "C6", "T", 875, -2555.32, 0],
		[6, "C7", "T", 875, -2885.32, 270],
		[7, "C8", "T", 980, -2885.32, 270],
		[8, "C9", "T", 875, -2680.32, 0],
		[9, "C10", "T", 1155.23, -2161.86, 0],
		[10, "C11", "T", 90, -2465, 90],
		[11, "C12", "T", 1205, -2290.32, 0],
		[12, "D1", "T", 227.16, -2684.48, 270],
		[13, "D3", "T", 1722.1, -276.81, 0],
		[14, "D4", "T", 1722.1, -544.53, 0],
		[15, "D5", "T", 1722.1, -812.24, 0],
		[16, "D6", "T", 1669.76, -2610.56, 90],
		[17, "D7", "T", 1415, -2605.32, 180],
		[18, "D8", "T", 1415, -2395.32, 180],
		[19, "JP9", "T", 1435.85, -1156.47, 90],
		[20, "JP19", "T", 1050, -2440.32, 0],
		[21, "ON/OFF", "T", 1605, -3035.32, 0],
		[22, "P3", "B", 310, -2805, 180],
		[23, "PB1", "T", 670, -3060.32, 0],
		[24, "PB2", "T", 1180, -3060.32, 180],
		[25, "PB3", "T", 1775, -1100.32, 90],
		[26, "Q1", "T", 1535, -2820.32, 270],
		[27, "R1", "T", 664.75, -2343.7, 90],
		[28, "R2", "T", 1720.63, -142.95, 0],
		[29, "R3", "T", 1720.63, -410.67, 0],
		[30, "R4", "T", 1720.63, -678.38, 0],
		[31, "R5", "T", 1205, -2605.32, 180],
		[32, "R6", "T", 1819.76, -2610.56, 270],
		[33, "R7", "T", 1410, -2505.32, 0],
		[34, "R8", "T", 1415, -2290.32, 180],
		[35, "SW1", "T", 1775, -2040.32, 90],
		[36, "U1", "T", 460, -1795, 0],
		[37, "U2", "T", 667.92, -2617.9, 0],
		[38, "U5", "T", -42680, -47810.32, 0],
		[39, "U6", "T", 1313.25, -1653.94, 90],
		[40, "U10", "T", 1580.85, -1146.47, 0],
		[41, "U11", "T", 1209.59, -2435.45, 0],
		[42, "U12", "B", 1260, -2625.32, 180],
		[43, "USB1", "T", 292.98, -3004.64, 0]
	]
},
"pins": {
	"fields": ["PIN_NO", "PIN_NAME", "PIN_X", "PIN_Y", "LAYER", "PIN_TYPE", "NET_NAME", "NET_TYPE", "PAD_SHAPE", "PAD_SIZEX", "PAD_SIZEY", "HOLE_SIZE", "PAD_ANGLE"],
	"rows": [
		[1, "C1_1", 516.75, -2271.06, "T", "SMD", "VCC_3V3", "", "R", 58.47, 68.03, 0, 270],
		[2, "C1_2", 516.75, -2396.46, "T", "SMD", "GND", "GND", "R", 58.47, 68.03, 0, 270],
		[3, "C2_1", 371.09, -2271.06, "T", "SMD", "VCC_3V3", "", "R", 58.47, 68.03, 0, 270],
		[4, "C2_2", 371.09, -2396.46, "T", "SMD", "GND", "GND", "R", 58.47, 68.03, 0, 270],
		[5, "C3_1", 453.81, -2785.57, "T", "SMD", "GND", "GND", "R", 58.47, 68.03, 0, 90],
		[6, "C3_2", 453.81, -2660.17, "T", "SMD", "VCC_5V", "", "R", 58.47, 68.03, 0, 90],
		[7, "C4_1", 810.42, -2271.06, "T", "SMD", "CHIP_PU", "", "R", 58.47, 68.03, 0, 270],
		[8, "C4_2", 810.42, -2396.46, "T", "SMD", "GND", "GND", "R", 58.47, 68.03, 0, 270],
		[9, "C6_1", 812.3, -2555.32, "T", "SMD", "VCC_3V3", "", "R", 58.47, 68.03, 0, 0],
		[10, "C6_2", 937.7, -2555.32, "T", "SMD", "GND", "GND", "R", 58.47, 68.03, 0, 0],
		[11, "C7_1", 875, -2822.62, "T", "SMD", "GND", "GND", "R", 58.47, 68.03, 0, 270],
		[12, "C7_2", 875, -2948.01, "T", "SMD", "GPIO0", "", "R", 58.47, 68.03, 0, 270],
		[13, "C8_1", 980, -2822.62, "T", "SMD", "GND", "GND", "R", 58.47, 68.03, 0, 270],
		[14, "C8_2", 980, -2948.01, "T", "SMD", "CHIP_PU", "", "R", 58.47, 68.03, 0, 270],
		[15, "C9_1", 812.3, -2680.32, "T", "SMD", "GND", "GND", "R", 58.47, 68.03, 0, 0],
		[16, "C9_2", 937.7, -2680.32, "T", "SMD", "VSYS", "", "R", 58.47, 68.03, 0, 0],
		[17, "C10_1", 1092.53, -2161.86, "T", "SMD", "$2N6375", "", "R", 58.47, 68.03, 0, 0],
		[18, "C10_2", 1217.93, -2161.86, "T", "SMD", "GND", "GND", "R", 58.47, 68.03, 0, 0],
		[19, "C11_1", 90, -2527.7, "T", "SMD", "VBATT", "", "R", 58.47, 68.03, 0, 90],
		[20, "C11_2", 90, -2402.3, "T", "SMD", "GND", "GND", "R", 58.47, 68.03, 0, 90],
		[21, "C12_1", 1142.3, -2290.32, "T", "SMD", "$3N1765", "", "R", 58.47, 68.03, 0, 0],
		[22, "C12_2", 1267.7, -2290.32, "T", "SMD", "GND", "GND", "R", 58.47, 68.03, 0, 0],
		[23, "D1_1", 227.16, -2582.46, "T", "SMD", "VCC_5V", "", "R", 80.61, 88.23, 0, 270],
		[24, "D1_2", 227.16, -2786.5, "T", "SMD", "VBUS", "", "R", 80.61, 88.23, 0, 270],
		[25, "D3_1", 1785.09, -276.81, "T", "SMD", "$2N5495", "", "R", 59.05, 62.99, 0, 0],
		[26, "D3_2", 1659.11, -276.81, "T", "SMD", "$2N10782", "", "R", 59.05, 62.99, 0, 180],
		[27, "D4_1", 1785.09, -544.53, "T", "SMD", "GPIO1", "", "R", 59.05, 62.99, 0, 0],
		[28, "D4_2", 1659.11, -544.53, "T", "SMD", "$2N10775", "", "R", 59.05, 62.99, 0, 180],
		[29, "D5_1", 1785.09, -812.24, "T", "SMD", "GPIO2", "", "R", 59.05, 62.99, 0, 0],
		[30, "D5_2", 1659.11, -812.24, "T", "SMD", "$2N10777", "", "R", 59.05, 62.99, 0, 180],
		[31, "D6_1", 1669.76, -2712.58, "T", "SMD", "$3N1723", "", "R", 80.61, 88.23, 0, 90],
		[32, "D6_2", 1669.76, -2508.54, "T", "SMD", "VCC_5V", "", "R", 80.61, 88.23, 0, 90],
		[33, "D7_1", 1352.01, -2605.32, "T", "SMD", "$3N1765", "", "R", 59.05, 62.99, 0, 180],
		[34, "D7_2", 1477.99, -2605.32, "T", "SMD", "$3N1861", "", "R", 59.05, 62.99, 0, 0],
		[35, "D8_1", 1352.01, -2395.32, "T", "SMD", "$3N1393", "", "R", 59.05, 62.99, 0, 180],
		[36, "D8_2", 1477.99, -2395.32, "T", "SMD", "$3N1863", "", "R", 59.05, 62.99, 0, 0],
		[37, "JP9_1", 1435.85, -1182.47, "T", "SMD", "$2N5617", "", "R", 56, 45, 0, 180],
		[38, "JP9_2", 1435.85, -1130.47, "T", "SMD", "GPIO4", "", "R", 56, 45, 0, 180],
		[39, "JP19_1", 1024, -2440.32, "T", "SMD", "VCC_5V", "", "R", 56, 45, 0, 90],
		[40, "JP19_2", 1076, -2440.32, "T", "SMD", "$3N1765", "", "R", 56, 45, 0, 90],
		[41, "ON/OFF_0", 1457.36, -3008.74, "T", "SMD", "ON/OFF_0", "", "R", 39.37, 31.5, 0, 0],
		[42, "ON/OFF_0", 1457.36, -3099.29, "T", "SMD", "ON/OFF_A_0", "", "R", 39.37, 31.5, 0, 0],
		[43, "ON/OFF_0", 1752.64, -3099.29, "T", "SMD", "ON/OFF_B_0", "", "R", 39.37, 31.5, 0, 0],
		[44, "ON/OFF_0", 1752.64, -3008.74, "T", "SMD", "ON/OFF_C_0", "", "R", 39.37, 31.5, 0, 0],
		[45, "ON/OFF_1", 1516.42, -2971.34, "T", "SMD", "VSYS", "", "R", 27.56, 43.31, 0, 0],
		[46, "ON/OFF_2", 1634.53, -2971.34, "T", "SMD", "$3N1723", "", "R", 27.56, 43.31, 0, 0],
		[47, "ON/OFF_3", 1693.58, -2971.34, "T", "SMD", "ON/OFF_3", "", "R", 27.56, 43.31, 0, 0],
		[48, "P3_1", 270.63, -2805, "B", "SMD", "VBATT", "", "R", 39.37, 137.79, 0, 180],
		[49, "P3_2", 349.37, -2805, "B", "SMD", "GND", "GND", "R", 39.37, 137.79, 0, 180],
		[50, "P3_P1", 178.11, -2578.62, "B", "SMD", "P3_P1", "", "R", 59.05, 133.86, 0, 180],
		[51, "P3_P2", 441.89, -2578.62, "B", "SMD", "P3_P2", "", "R", 59.05, 133.86, 0, 180],
		[52, "PB1_1", 508.58, -3060.32, "T", "SMD", "GND", "GND", "R", 78.74, 59.06, 0, 0],
		[53, "PB1_2", 831.42, -3060.32, "T", "SMD", "GPIO0", "", "R", 78.74, 59.06, 0, 0],
		[54, "PB2_1", 1341.42, -3060.32, "T", "SMD", "GND", "GND", "R", 78.74, 59.06, 0, 180],
		[55, "PB2_2", 1018.58, -3060.32, "T", "SMD", "CHIP_PU", "", "R", 78.74, 59.06, 0, 180],
		[56, "PB3_1", 1775, -1261.73, "T", "SMD", "GND", "GND", "R", 78.74, 59.06, 0, 90],
		[57, "PB3_2", 1775, -938.9, "T", "SMD", "GPIO38", "", "R", 78.74, 59.06, 0, 90],
		[58, "Q1_1", 1515, -2843.94, "T", "SMD", "VCC_5V", "", "R", 15.75, 27.56, 0, 0],
		[59, "Q1_2", 1555, -2843.94, "T", "SMD", "$3N1723", "", "R", 15.75, 27.56, 0, 0],
		[60, "Q1_3", 1535, -2796.69, "T", "SMD", "VBATT", "", "R", 15.75, 27.56, 0, 0],
		[61, "R1_1", 664.75, -2401.92, "T", "SMD", "VCC_3V3", "", "R", 47.54, 66.97, 0, 90],
		[62, "R1_2", 664.75, -2285.48, "T", "SMD", "CHIP_PU", "", "R", 47.54, 66.97, 0, 90],
		[63, "R2_1", 1662.41, -142.95, "T", "SMD", "$2N10782", "", "R", 47.54, 66.97, 0, 0],
		[64, "R2_2", 1778.85, -142.95, "T", "SMD", "GND", "GND", "R", 47.54, 66.97, 0, 0],
		[65, "R3_1", 1662.41, -410.67, "T", "SMD", "$2N10775", "", "R", 47.54, 66.97, 0, 0],
		[66, "R3_2", 1778.85, -410.67, "T", "SMD", "GND", "GND", "R", 47.54, 66.97, 0, 0],
		[67, "R4_1", 1662.41, -678.38, "T", "SMD", "$2N10777", "", "R", 47.54, 66.97, 0, 0],
		[68, "R4_2", 1778.85, -678.38, "T", "SMD", "GND", "GND", "R", 47.54, 66.97, 0, 0],
		[69, "R5_1", 1263.22, -2605.32, "T", "SMD", "GND", "GND", "R", 47.54, 66.97, 0, 180],
		[70, "R5_2", 1146.78, -2605.32, "T", "SMD", "$3N1392", "", "R", 47.54, 66.97, 0, 180],
		[71, "R6_1", 1819.76, -2552.34, "T", "SMD", "GND", "GND", "R", 47.54, 66.97, 0, 270],
		[72, "R6_2", 1819.76, -2668.78, "T", "SMD", "VCC_5V", "", "R", 47.54, 66.97, 0, 270],
		[73, "R7_1", 1351.78, -2505.32, "T", "SMD", "$3N1393", "", "R", 47.54, 66.97, 0, 0],
		[74, "R7_2", 1468.22, -2505.32, "T", "SMD", "$3N1861", "", "R", 47.54, 66.97, 0, 0],
		[75, "R8_1", 1473.22, -2290.32, "T", "SMD", "$3N1863", "", "R", 47.54, 66.97, 0, 180],
		[76, "R8_2", 1356.78, -2290.32, "T", "SMD", "GND", "GND", "R", 47.54, 66.97, 0, 180],
		[77, "SW1_0", 1748.42, -2187.95, "T", "SMD", "SW1_0", "", "R", 39.37, 31.5, 0, 90],
		[78, "SW1_0", 1838.98, -2187.95, "T", "SMD", "SW1_A_0", "", "R", 39.37, 31.5, 0, 90],
		[79, "SW1_0", 1838.98, -1892.68, "T", "SMD", "SW1_B_0", "", "R", 39.37, 31.5, 0, 90],
		[80, "SW1_0", 1748.42, -1892.68, "T", "SMD", "SW1_C_0", "", "R", 39.37, 31.5, 0, 90],
		[81, "SW1_1", 1711.02, -2128.9, "T", "SMD", "$2N6375", "", "R", 27.56, 43.31, 0, 90],
		[82, "SW1_2", 1711.02, -2010.79, "T", "SMD", "VCC_3V3", "", "R", 27.56, 43.31, 0, 90],
		[83, "SW1_3", 1711.02, -1951.73, "T", "SMD", "SW1_3", "", "R", 27.56, 43.31, 0, 90],
		[84, "U1_1", 109.62, -1442.45, "T", "SMD", "GND", "GND", "R", 59.05, 35.43, 0, 0],
		[85, "U1_2", 109.62, -1492.45, "T", "SMD", "VCC_3V3", "", "R", 59.05, 35.43, 0, 0],
		[86, "U1_3", 109.62, -1542.45, "T", "SMD", "CHIP_PU", "", "R", 59.05, 35.43, 0, 0],
		[87, "U1_4", 109.62, -1592.45, "T", "SMD", "GPIO4", "", "R", 59.05, 35.43, 0, 0],
		[88, "U1_5", 109.62, -1642.45, "T", "SMD", "GPIO5", "", "R", 59.05, 35.43, 0, 0],
		[89, "U1_6", 109.62, -1692.45, "T", "SMD", "GPIO6", "", "R", 59.05, 35.43, 0, 0],
		[90, "U1_7", 109.62, -1742.45, "T", "SMD", "GPIO7", "", "R", 59.05, 35.43, 0, 0],
		[91, "U1_8", 109.62, -1792.45, "T", "SMD", "GPIO15", "", "R", 59.05, 35.43, 0, 0],
		[92, "U1_9", 109.62, -1842.45, "T", "SMD", "GPIO16", "", "R", 59.05, 35.43, 0, 0],
		[93, "U1_10", 109.62, -1892.45, "T", "SMD", "GPIO17", "", "R", 59.05, 35.43, 0, 0],
		[94, "U1_11", 109.62, -1942.45, "T", "SMD", "GPIO18", "", "R", 59.05, 35.43, 0, 0],
		[95, "U1_12", 109.62, -1992.45, "T", "SMD", "GPIO8", "", "R", 59.05, 35.43, 0, 0],
		[96, "U1_13", 109.62, -2042.45, "T", "SMD", "USB_DN", "", "R", 59.05, 35.43, 0, 0],
		[97, "U1_14", 109.62, -2092.45, "T", "SMD", "USB_DP", "", "R", 59.05, 35.43, 0, 0],
		[98, "U1_15", 185, -2147.55, "T", "SMD", "GPIO3", "", "R", 35.43, 59.05, 0, 0],
		[99, "U1_16", 235, -2147.55, "T", "SMD", "GPIO46", "", "R", 35.43, 59.05, 0, 0],
		[100, "U1_17", 285, -2147.55, "T", "SMD", "GPIO9", "", "R", 35.43, 59.05, 0, 0],
		[101, "U1_18", 335, -2147.55, "T", "SMD", "GPIO10", "", "R", 35.43, 59.05, 0, 0],
		[102, "U1_19", 385, -2147.55, "T", "SMD", "GPIO11", "", "R", 35.43, 59.05, 0, 0],
		[103, "U1_20", 435, -2147.55, "T", "SMD", "GPIO12", "", "R", 35.43, 59.05, 0, 0],
		[104, "U1_21", 485, -2147.55, "T", "SMD", "GPIO13", "", "R", 35.43, 59.05, 0, 0],
		[105, "U1_22", 535, -2147.55, "T", "SMD", "GPIO14", "", "R", 35.43, 59.05, 0, 0],
		[106, "U1_23", 585, -2147.55, "T", "SMD", "GPIO21", "", "R", 35.43, 59.05, 0, 0],
		[107, "U1_24", 635, -2147.55, "T", "SMD", "GPIO47", "", "R", 35.43, 59.05, 0, 0],
		[108, "U1_25", 685, -2147.55, "T", "SMD", "GPIO48", "", "R", 35.43, 59.05, 0, 0],
		[109, "U1_26", 735, -2147.55, "T", "SMD", "GPIO45", "", "R", 35.43, 59.05, 0, 0],
		[110, "U1_27", 810.38, -2092.45, "T", "SMD", "GPIO0", "", "R", 59.05, 35.43, 0, 0],
		[111, "U1_28", 810.38, -2042.45, "T", "SMD", "GPIO35", "", "R", 59.05, 35.43, 0, 0],
		[112, "U1_29", 810.38, -1992.45, "T", "SMD", "GPIO36", "", "R", 59.05, 35.43, 0, 0],
		[113, "U1_30", 810.38, -1942.45, "T", "SMD", "GPIO37", "", "R", 59.05, 35.43, 0, 0],
		[114, "U1_31", 810.38, -1892.45, "T", "SMD", "GPIO38", "", "R", 59.05, 35.43, 0, 0],
		[115, "U1_32", 810.38, -1842.45, "T", "SMD", "GPIO39", "", "R", 59.05, 35.43, 0, 0],
		[116, "U1_33", 810.38, -1792.45, "T", "SMD", "GPIO40", "", "R", 59.05, 35.43, 0, 0],
		[117, "U1_34", 810.38, -1742.45, "T", "SMD", "GPIO41", "", "R", 59.05, 35.43, 0, 0],
		[118, "U1_35", 810.38, -1692.45, "T", "SMD", "GPIO42", "", "R", 59.05, 35.43, 0, 0],
		[119, "U1_36", 810.38, -1642.45, "T", "SMD", "U0RXD", "", "R", 59.05, 35.43, 0, 0],
		[120, "U1_37", 810.38, -1592.45, "T", "SMD", "U0TXD", "", "R", 59.05, 35.43, 0, 0],
		[121, "U1_38", 810.38, -1542.45, "T", "SMD", "GPIO2", "", "R", 59.05, 35.43, 0, 0],
		[122, "U1_39", 810.38, -1492.45, "T", "SMD", "GPIO1", "", "R", 59.05, 35.43, 0, 0],
		[123, "U1_40", 810.38, -1442.45, "T", "SMD", "GND", "GND", "R", 59.05, 35.43, 0, 0],
		[124, "U1_41", 400.96, -1746.38, "T", "SMD", "GND", "GND", "R", 35.43, 35.43, 0, 90],
		[125, "U1_41", 345.84, -1746.38, "T", "SMD", "GND", "GND", "R", 35.43, 35.43, 0, 90],
		[126, "U1_41", 456.08, -1746.38, "T", "SMD", "GND", "GND", "R", 35.43, 35.43, 0, 90],
		[127, "U1_41", 456.08, -1691.25, "T", "SMD", "GND", "GND", "R", 35.43, 35.43, 0, 90],
		[128, "U1_41", 400.96, -1691.25, "T", "SMD", "GND", "GND", "R", 35.43, 35.43, 0, 90],
		[129, "U1_41", 345.84, -1691.25, "T", "SMD", "GND", "GND", "R", 35.43, 35.43, 0, 90],
		[130, "U1_41", 345.84, -1801.49, "T", "SMD", "GND", "GND", "R", 35.43, 35.43, 0, 90],
		[131, "U1_41", 400.96, -1801.49, "T", "SMD", "GND", "GND", "R", 35.43, 35.43, 0, 90],
		[132, "U1_41", 456.08, -1801.49, "T", "SMD", "GND", "GND", "R", 35.43, 35.43, 0, 90],
		[133, "U2_1", 721.31, -2676.95, "T", "SMD", "GND", "GND", "R", 62.01, 26.46, 0, 0],
		[134, "U2_2", 614.52, -2617.9, "T", "SMD", "VSYS", "", "P", 211.68, 74.8, 0, 0],
		[135, "U2_3", 721.31, -2558.84, "T", "SMD", "VCC_3V3", "", "R", 62.01, 26.46, 0, 0],
		[136, "U5_1", 500, -125.32, "T", "DIP", "GND", "GND", "C", 60, 60, 36, 0],
		[137, "U5_1", 500, -125.32, "B", "DIP", "GND", "GND", "C", 60, 60, 36, 0],
		[138, "U5_2", 600, -125.32, "T", "DIP", "VCC_3V3", "", "C", 60, 60, 36, 0],
		[139, "U5_2", 600, -125.32, "B", "DIP", "VCC_3V3", "", "C", 60, 60, 36, 0],
		[140, "U5_3", 700, -125.32, "T", "DIP", "GPIO6", "", "C", 60, 60, 36, 0],
		[141, "U5_3", 700, -125.32, "B", "DIP", "GPIO6", "", "C", 60, 60, 36, 0],
		[142, "U5_4", 800, -125.32, "T", "DIP", "GPIO5", "", "C", 60, 60, 36, 0],
		[143, "U5_4", 800, -125.32, "B", "DIP", "GPIO5", "", "C", 60, 60, 36, 0],
		[144, "U6_P$1", 1047.5, -1988.58, "T", "SMD", "$2N6375", "", "R", 157.48, 39.37, 0, 90],
		[145, "U6_P$10", 1579, -1988.58, "T", "SMD", "GPIO15", "", "R", 157.48, 39.37, 0, 90],
		[146, "U6_P$11", 1579, -1319.29, "T", "SMD", "$2N5598", "", "R", 157.48, 39.37, 0, 270],
		[147, "U6_P$12", 1519.94, -1319.29, "T", "SMD", "GND", "GND", "R", 157.48, 39.37, 0, 270],
		[148, "U6_P$13", 1460.89, -1319.29, "T", "SMD", "$2N5617", "", "R", 157.48, 39.37, 0, 270],
		[149, "U6_P$14", 1401.83, -1319.29, "T", "SMD", "U6_P$14", "", "R", 157.48, 39.37, 0, 270],
		[150, "U6_P$15", 1342.78, -1319.29, "T", "SMD", "U6_P$15", "", "R", 157.48, 39.37, 0, 270],
		[151, "U6_P$16", 1283.72, -1319.29, "T", "SMD", "U6_P$16", "", "R", 157.48, 39.37, 0, 270],
		[152, "U6_P$17", 1224.67, -1319.29, "T", "SMD", "U6_P$17", "", "R", 157.48, 39.37, 0, 270],
		[153, "U6_P$18", 1165.61, -1319.29, "T", "SMD", "U6_P$18", "", "R", 157.48, 39.37, 0, 270],
		[154, "U6_P$19", 1106.56, -1319.29, "T", "SMD", "GND", "GND", "R", 157.48, 39.37, 0, 270],
		[155, "U6_P$2", 1106.56, -1988.58, "T", "SMD", "U6_P$2", "", "R", 157.48, 39.37, 0, 90],
		[156, "U6_P$20", 1047.5, -1319.29, "T", "SMD", "U6_P$20", "", "R", 157.48, 39.37, 0, 270],
		[157, "U6_P$3", 1165.61, -1988.58, "T", "SMD", "GND", "GND", "R", 157.48, 39.37, 0, 90],
		[158, "U6_P$4", 1224.67, -1988.58, "T", "SMD", "U6_P$4", "", "R", 157.48, 39.37, 0, 90],
		[159, "U6_P$5", 1283.72, -1988.58, "T", "SMD", "$2N5495", "", "R", 157.48, 39.37, 0, 90],
		[160, "U6_P$6", 1342.78, -1988.58, "T", "SMD", "U6_P$6", "", "R", 157.48, 39.37, 0, 90],
		[161, "U6_P$7", 1401.83, -1988.58, "T", "SMD", "U6_P$7", "", "R", 157.48, 39.37, 0, 90],
		[162, "U6_P$8", 1460.89, -1988.58, "T", "SMD", "GND", "GND", "R", 157.48, 39.37, 0, 90],
		[163, "U6_P$9", 1519.94, -1988.58, "T", "SMD", "GPIO7", "", "R", 157.48, 39.37, 0, 90],
		[164, "U10_1", 1580.85, -1206.51, "T", "SMD", "$2N5598", "", "R", 39.37, 41.34, 0, 0],
		[165, "U10_2", 1522.78, -1146.47, "T", "SMD", "GND", "GND", "R", 41.34, 86.61, 0, 0],
		[166, "U10_3", 1638.92, -1146.47, "T", "SMD", "U10_3", "", "R", 41.34, 86.61, 0, 0],
		[167, "U11_1", 1252.9, -2472.84, "T", "SMD", "$3N1393", "", "R", 23.62, 39.37, 0, 90],
		[168, "U11_2", 1252.9, -2435.45, "T", "SMD", "GND", "GND", "R", 23.62, 39.37, 0, 90],
		[169, "U11_3", 1252.9, -2398.05, "T", "SMD", "VBATT", "", "R", 23.62, 39.37, 0, 90],
		[170, "U11_4", 1166.28, -2398.04, "T", "SMD", "$3N1765", "", "R", 23.62, 39.37, 0, 90],
		[171, "U11_5", 1166.28, -2472.85, "T", "SMD", "$3N1392", "", "R", 23.62, 39.37, 0, 90],
		[172, "U12_1", 1664.96, -2275.32, "B", "SMD", "GND", "GND", "R", 177.17, 62.99, 0, 180],
		[173, "U12_2", 1664.96, -2375.32, "B", "SMD", "GND", "GND", "R", 177.17, 62.99, 0, 180],
		[174, "U12_3", 1664.96, -2475.32, "B", "SMD", "U12_3", "", "R", 177.17, 62.99, 0, 180],
		[175, "U12_4", 1664.96, -2575.32, "B", "SMD", "U12_4", "", "R", 177.17, 62.99, 0, 180],
		[176, "U12_5", 1664.96, -2675.32, "B", "SMD", "U12_5", "", "R", 177.17, 62.99, 0, 180],
		[177, "U12_6", 1664.96, -2775.32, "B", "SMD", "GPIO48", "", "R", 177.17, 62.99, 0, 180],
		[178, "U12_7", 1664.96, -2875.32, "B", "SMD", "GND", "GND", "R", 177.17, 62.99, 0, 180],
		[179, "U12_8", 1664.96, -2975.32, "B", "SMD", "VCC_3V3", "", "R", 177.17, 62.99, 0, 180],
		[180, "U12_9", 855.04, -2975.32, "B", "SMD", "GPIO47", "", "R", 177.17, 62.99, 0, 180],
		[181, "U12_10", 855.04, -2875.32, "B", "SMD", "GPIO21", "", "R", 177.17, 62.99, 0, 180],
		[182, "U12_11", 855.04, -2775.32, "B", "SMD", "GPIO14", "", "R", 177.17, 62.99, 0, 180],
		[183, "U12_12", 855.04, -2675.32, "B", "SMD", "GPIO13", "", "R", 177.17, 62.99, 0, 180],
		[184, "U12_13", 855.04, -2575.32, "B", "SMD", "GPIO12", "", "R", 177.17, 62.99, 0, 180],
		[185, "U12_14", 855.04, -2475.32, "B", "SMD", "GPIO11", "", "R", 177.17, 62.99, 0, 180],
		[186, "U12_15", 855.04, -2375.32, "B", "SMD", "GND", "GND", "R", 177.17, 62.99, 0, 180],
		[187, "U12_16", 855.04, -2275.32, "B", "SMD", "U12_16", "", "R", 177.17, 62.99, 0, 180],
		[188, "USB1_1", 241.8, -2951.97, "T", "SMD", "VBUS", "", "R", 15.75, 53.15, 0, 0],
		[189, "USB1_2", 267.39, -2951.97, "T", "SMD", "USB_DN", "", "R", 15.75, 53.15, 0, 0],
		[190, "USB1_3", 292.98, -2951.97, "T", "SMD", "USB_DP", "", "R", 15.75, 53.15, 0, 0],
		[191, "USB1_4", 318.57, -2951.97, "T", "SMD", "USB1_4", "", "R", 15.75, 53.15, 0, 0],
		[192, "USB1_5", 344.16, -2951.97, "T", "SMD", "GND", "GND", "R", 15.75, 53.15, 0, 0],
		[193, "USB1_6", 422.9, -3057.3, "T", "DIP", "USB1_6", "", "O", 43.31, 70.87, 51.18, 0],
		[194, "USB1_6", 422.9, -3057.3, "B", "DIP", "USB1_6", "", "O", 43.31, 70.87, 51.18, 0],
		[195, "USB1_6", 163.06, -3057.29, "T", "DIP", "USB1_A_6", "", "O", 43.31, 70.87, 51.18, 0],
		[196, "USB1_6", 163.06, -3057.29, "B", "DIP", "USB1_A_6", "", "O", 43.31, 70.87, 51.18, 0],
		[197, "USB1_7", 167, -2960.58, "T", "SMD", "USB1_7", "", "R", 62.99, 55.12, 0, 180],
		[198, "USB1_7", 245.74, -3057.29, "T", "SMD", "USB1_A_7", "", "R", 74.8, 74.8, 0, 180],
		[199, "USB1_8", 418.97, -2960.58, "T", "SMD", "USB1_8", "", "R", 62.99, 55.12, 0, 180],
		[200, "USB1_8", 340.22, -3057.29, "T", "SMD", "USB1_A_8", "", "R", 74.8, 74.8, 0, 180]
	]
}
}